Class,Number,CentroidX,CentroidY,Area,ActualArea,Actual Area( Range),AspectRatio,Aspect Ratio( Range >2 and >=7),MajorAxisLength,MinorAxisLength,,CLASS,QUANTITY,ASPECT RATIO(> 1.5),AVERAGE ASPECT RATIO,Area
Alive,1,491.6572505,7.72693032,531,152.3922156,,2.141328368,2.141328368,40.20756328,18.77692552,,Alive,118,81,3.35,
Alive,2,728.9978134,19.12682216,1372,393.751638,,3.355127238,3.355127238,90.78818223,27.05953479,,Dead,19,,,
Alive,3,1265.826825,8.667232598,589,169.037693,,2.441595287,2.441595287,43.69951639,17.89793608,,,,,,
Dead,4,542.8037383,19.92790387,749,214.9562514,,1.112569574,,33.53131343,30.13862163,,,,,,
Alive,5,851.3386378,24.65372374,1571,450.862845,,1.248636514,,50.35189501,40.3255026,,,,,,
Alive,6,515.8738854,22.37197452,785,225.287927,,1.24073532,,36.39006983,29.32943815,,,,,,
Alive,7,501.9683889,48.22773623,2942,844.327492,,2.86870608,2.86870608,110.6739692,38.57975204,,,,,,
Alive,8,86.36038961,27.54383117,1232,353.5728994,,1.260161021,,45.26597288,35.92078483,,,,,,
Alive,9,581.6579652,47.00635877,2988,857.5290775,,2.035305905,2.035305905,92.01825975,45.21102186,,,,,,
Alive,10,933.5,21.30258303,542,155.5491165,,1.84782166,,36.57526368,19.79371953,,,,,,
Alive,11,27.09982788,46.80034423,1743,500.2252952,,1.353540803,,56.16469808,41.4946472,,,,,,
Dead,12,899.0327238,46.51973051,1039,298.1836384,,1.141526505,,39.10690355,34.25842796,,,,,,
Alive,13,643.9822761,51.51212687,1072,307.6543411,,1.222512519,,41.55448499,33.99105069,,,,,,
Alive,14,578.4905194,91.61280572,3639,1044.360212,,4.000473103,4.000473103,147.7449163,36.93186092,,,,,,
Alive,15,701.2491065,109.2548249,2798,803.0007895,,3.057983018,3.057983018,105.1255078,34.37740079,,,,,,
Dead,16,924.1469194,92.11374408,844,242.2203954,,1.073271647,,34.06251973,31.73709083,,,,,,
Alive,17,1004.752642,128.9932757,2082,597.5152408,,5.022163434,5.022163434,121.1865193,24.13034162,,,,,,
Alive,18,425.4024158,107.1506675,1573,451.436827,,2.306859914,2.306859914,70.62332107,30.61448189,,,,,,
Alive,19,901.2068404,102.4250814,614,176.2124677,,1.438679157,,34.27454486,23.82361953,,,,,,
Alive,20,578.4973247,147.4266404,3551,1019.105005,,2.462445118,2.462445118,121.0396685,49.15426036,,,,,,
Alive,21,879.5293624,121.567953,1192,342.0932598,,1.366977949,,45.66823081,33.40816935,,,,,,
Dead,22,925.8590832,131.3837012,1767,507.113079,,1.071536971,,49.23364602,45.94675438,,,,,,
Dead,23,1277.942607,127.3093385,1028,295.0267375,,1.129217869,,38.53306947,34.12368024,,,,,,
Alive,24,115.5780731,143.6323367,903,259.1528638,,2.100335341,2.100335341,52.98728611,25.22801244,,,,,,
Alive,25,173.2291504,153.2961808,1283,368.2094399,,1.451763559,,49.15820261,33.86102531,,,,,,
Alive,26,218.3691275,162.6895973,596,171.0466299,,1.475506353,,34.40495325,23.3173874,,,,,,
Alive,27,1108.892096,166.2597938,1455,417.5718902,,1.767188891,,59.24960405,33.52760102,,,,,,
Alive,28,8.06557377,160.4918033,366,105.0387023,,2.27210922,2.27210922,33.27994569,14.6471593,,,,,,
Dead,29,66.78658537,164.0223577,984,282.399134,,1.012702486,,35.68574363,35.23813177,,,,,,
Alive,30,995.9412575,200.844424,2179,625.3533668,,2.382023552,2.382023552,81.7871155,34.33514141,,,,,,
Alive,31,674.4178246,198.7455678,2087,598.9501957,,2.524368836,2.524368836,85.76029225,33.97296426,,,,,,
Alive,32,1121.276081,209.4440204,1572,451.149836,,2.538430125,2.538430125,72.92690798,28.72913746,,,,,,
Alive,33,1227.523388,219.416182,3955,1135.049365,,4.496336294,4.496336294,155.5702727,34.599341,,,,,,
Alive,34,311.5586011,215.1772212,2116,607.2729344,,3.603239537,3.603239537,100.3417308,27.8476437,,,,,,
Alive,35,789.6795895,219.7651083,877,251.6910981,,1.402042116,,39.89558127,28.45533727,,,,,,
Alive,36,386.4013889,223.2805556,1440,413.2670253,,1.858131026,,60.29448879,32.44899738,,,,,,
Alive,37,42.68032787,220.1442623,610,175.0645038,,1.314992006,,32.00072012,24.33529632,,,,,,
Dead,38,434.3855614,263.6971077,4391,1260.177436,,1.132414,,80.78543943,71.33913874,,,,,,
Alive,39,1284.825266,248.3459268,847,243.0813684,,1.840462717,,46.79432441,25.42530417,,,,,,
Alive,40,745.0057143,280.8822857,2625,753.3513482,,2.429415222,2.429415222,93.19516199,38.36115011,,,,,,
Alive,41,705.3453089,332.1749806,3869,1110.36814,,2.916495188,2.916495188,142.8163214,48.96847489,,,,,,
Alive,42,627.6737568,284.5728658,3479,998.4416535,,1.683506641,,98.56708389,58.54867544,,,,,,
Alive,43,249.5418677,298.7672438,3523,1011.069257,,2.52931576,2.52931576,117.352306,46.39685872,,,,,,
Alive,44,36.96356123,319.1867017,2662,763.9700148,,3.107711422,3.107711422,115.1619673,37.05684075,,,,,,
Alive,45,236.8291851,350.4619843,2933,841.7445731,,5.398373875,5.398373875,152.4347746,28.23716515,,,,,,
Alive,46,920.0006838,347.8994872,2925,839.4486452,,3.284348054,3.284348054,114.5189172,34.86808197,,,,,,
Alive,47,545.7835753,355.542196,2204,632.5281415,,2.82387526,2.82387526,91.70358202,32.47437425,,,,,,
Alive,48,1012.118515,346.9852492,1966,564.2242859,,2.881358068,2.881358068,87.95395095,30.52517212,,,,,,
Alive,49,800.4751743,374.6532854,4733,1358.328355,,2.705366001,2.705366001,133.9808625,49.52411705,,,,,,
Alive,50,319.3490317,373.0202465,2272,652.0435288,,3.787513913,3.787513913,105.8762643,27.9540265,,,,,,
Alive,51,955.9688716,381.5797665,1028,295.0267375,,3.47704228,3.47704228,68.0584343,19.57365738,,,,,,
Alive,52,466.1123596,358.2659176,267,76.62659428,,1.216859077,,20.40403108,16.76778475,,,,,,
Alive,53,132.4301676,384.7486034,2327,667.8280333,,5.541983624,5.541983624,133.4146101,24.07343997,,,,,,
Alive,54,1098.890411,378.4239726,1460,419.0068451,,1.204564946,,47.50552981,39.43791489,,,,,,
Alive,55,403.1754673,396.3093458,4280,1228.321436,,2.91445865,2.91445865,136.9546528,46.99145509,,,,,,
Alive,56,192.6199332,392.2522651,2097,601.8201056,,1.64613682,,68.26219231,41.46811583,,,,,,
Alive,57,989.3480149,409.8867866,3224,925.2589511,,2.798708651,2.798708651,110.6248952,39.52712091,,,,,,
Alive,58,626.5108593,404.7689644,3177,911.7703746,,2.192525102,2.192525102,97.33062391,44.39202261,,,,,,
Alive,59,512.1998749,398.5558336,3197,917.5101944,,4.583916403,4.583916403,140.5559639,30.66285498,,,,,,
Alive,60,85.59603524,419.9356828,2270,651.4695468,,4.208008744,4.208008744,119.2283744,28.33368028,,,,,,
Alive,61,709.6916996,431.7280632,1265,363.0436021,,1.700263586,,54.07145579,31.80180781,,,,,,
Alive,62,150.9173729,424.0812147,1416,406.3792416,,1.414808387,,50.97288133,36.02811646,,,,,,
Alive,63,294.416221,452.3576946,3366,966.0116717,,2.315596047,2.315596047,103.0861303,44.51818374,,,,,,
Dead,64,1146.837808,430.8344519,894,256.5699449,,1.121323333,,35.852681,31.97354406,,,,,,
Alive,65,1040.17179,440.2513562,553,158.7060174,,1.559948745,,33.557999,21.51224463,,,,,,
Alive,66,248.9785276,451.7411043,1630,467.7953134,,1.44193597,,57.39361016,39.80316142,,,,,,
Alive,67,945.8925769,459.025347,1657,475.5440701,,1.720265693,,63.8960926,37.14315345,,,,,,
Alive,68,565.9488837,447.4770858,1702,488.4586646,,3.271138173,3.271138173,85.68099549,26.19302241,,,,,,
Alive,69,338.9418118,468.8094077,2870,823.6641407,,3.27892164,3.27892164,128.9617358,39.33053302,,,,,,
Alive,70,86.55010225,452.6523517,489,140.338594,,1.330020215,,28.84615807,21.688511,,,,,,
Alive,71,814.3617339,483.5373692,1338,383.9939443,,2.245394237,2.245394237,63.25873733,28.17266397,,,,,,
Dead,72,1012.66788,485.3603276,1099,315.4030978,,1.101583222,,39.33122248,35.70426791,,,,,,
Alive,73,874.2546125,492.3293358,2168,622.1964659,,1.420960334,,64.73300823,45.5558165,,,,,,
Dead,74,88.95774648,493.2279129,781,224.139963,,1.106496935,,33.26640047,30.0646115,,,,,,
Alive,75,679.8910295,518.1300421,1661,476.6920341,,2.127490042,2.127490042,76.8395364,36.11745996,,,,,,
Alive,76,188.1068312,533.2118568,3323,953.6710591,,3.917431686,3.917431686,133.9578757,34.19533163,,,,,,
Alive,77,320.0909763,514.9090237,1352,388.0118182,,4.978153884,4.978153884,94.9561431,19.07456967,,,,,,
Alive,78,620.3612288,522.3230932,1888,541.8389887,,1.77194495,,69.76872081,39.37409048,,,,,,
Alive,79,1286.142728,533.2231256,1107,317.6990257,,4.181922273,4.181922273,81.55510841,19.5018231,,,,,,
Alive,80,485.315115,532.2122126,2653,761.3870959,,3.483915206,3.483915206,111.2389662,31.92929783,,,,,,
Alive,81,743.7540521,518.410148,1419,407.2402145,,4.104224507,4.104224507,89.33417184,21.76639501,,,,,,
Alive,82,221.8917598,556.3917598,1432,410.9710974,,3.45316213,3.45316213,88.5526054,25.64391768,,,,,,
Alive,83,1254.1624,560.2064,1250,358.7387372,,2.276657672,2.276657672,61.50101658,27.01373041,,,,,,
Alive,84,401.5388601,564.2156736,1544,443.1140882,,2.499400263,2.499400263,72.95779769,29.19012163,,,,,,
Alive,85,96.08387901,625.5082632,3207,920.3801043,,7.930483429,7.930483429,187.1379816,23.59729811,,,,,,
Dead,86,887.9730994,566.8093567,855,245.3772963,,1.181820962,,36.03286778,30.48927793,,,,,,
Alive,87,524.8686636,580.583871,2170,622.7704479,,1.885750252,,72.89543506,38.65593282,,,,,,
Alive,88,1124.902396,591.3471654,1711,491.0415835,,5.068553995,5.068553995,108.9332442,21.49197667,,,,,,
Alive,89,1099.028474,618.3013446,3793,1088.556824,,2.641548473,2.641548473,117.908766,44.63623029,,,,,,
Alive,90,1142.036606,572.6705491,1202,344.9631697,,4.593747535,4.593747535,91.29279448,19.87327205,,,,,,
Alive,91,368.9153634,574.8886845,1087,311.9592059,,2.874207608,2.874207608,65.61714662,22.82964753,,,,,,
Alive,92,458.8836409,595.2959024,3197,917.5101944,,1.338735272,,94.83587378,70.83990076,,,,,,
Alive,93,1245.508629,613.251269,1970,565.3722499,,2.211972235,2.211972235,75.08084909,33.94294372,,,,,,
Alive,94,1189.378719,621.0652174,874,250.8301251,,3.643584256,3.643584256,65.2253167,17.90141578,,,,,,
Alive,95,203.0110603,625.1647597,2622,752.4903752,,4.688123534,4.688123534,130.6580572,27.87001159,,,,,,
Alive,96,151.9135696,619.7908384,1157,332.0485752,,1.477532162,,46.79684677,31.6723033,,,,,,
Alive,97,1214.686402,641.7475602,1537,441.1051513,,1.666660911,,62.22999104,37.33812357,,,,,,
Alive,98,1277.755787,662.6423215,3067,880.2013657,,2.731691289,2.731691289,104.4972464,38.25368073,,,,,,
Alive,99,1147.575227,654.9961089,3084,885.0802125,,1.632660241,,81.35683165,49.83084025,,,,,,
Alive,100,1245.899333,680.7847608,1798,516.0097997,,2.37939614,2.37939614,83.77228073,35.20737019,,,,,,
Alive,101,340.9595989,661.5181362,3391,973.1864464,,2.513959773,2.513959773,112.0810672,44.58347681,,,,,,
Alive,102,20.59136944,684.6521356,2271,651.7565378,,3.301517908,3.301517908,112.1530309,33.97014161,,,,,,
Alive,103,1173.922036,684.4953979,1847,530.0723582,,2.332421334,2.332421334,76.89803802,32.96918824,,,,,,
Alive,104,313.0168993,697.9988979,2722,781.1894742,,2.854830066,2.854830066,102.1922876,35.79627694,,,,,,
Alive,105,984.0351852,690.3975309,1620,464.9254035,,1.986392942,,64.4499959,32.4457435,,,,,,
Dead,106,1198.800502,691.6800502,797,228.7318189,,1.166408329,,34.467351,29.54998703,,,,,,
Alive,107,154.4215374,745.466525,2823,810.1755642,,2.403012087,2.403012087,94.34842118,39.26256621,,,,,,
Alive,108,225.4492422,717.1507006,3497,1003.607491,,4.062566404,4.062566404,139.702279,34.3876912,,,,,,
Alive,109,398.5465394,710.0322196,2514,721.4953484,,4.266395729,4.266395729,121.0338204,28.36910313,,,,,,
Alive,110,1258.973856,723.2581699,2142,614.7347001,,3.465778336,3.465778336,114.797698,33.12320837,,,,,,
Alive,111,118.9162253,755.3996148,2077,596.0802858,,4.73204802,4.73204802,114.6254151,24.22321468,,,,,,
Dead,112,494.7224618,749.5190122,2551,732.114015,,1.169147878,,66.38652517,56.78197467,,,,,,
Dead,113,193.9878205,752.1884615,1560,447.7059441,,1.133708708,,48.46596619,42.7499285,,,,,,
Alive,114,371.8996949,764.5499619,2622,752.4903752,,1.713796323,,80.532139,46.99049585,,,,,,
Alive,115,844.5300893,773.1495063,4254,1220.859671,,4.198460065,4.198460065,202.1855203,48.15706645,,,,,,
Alive,116,419.547542,775.0866753,3092,887.3761405,,1.306199849,,75.08496353,57.48351877,,,,,,
Alive,117,253.7133733,771.2914172,2505,718.9124294,,2.618101136,2.618101136,96.16871026,36.73223656,,,,,,
Alive,118,335.2371652,778.3342634,1792,514.2878537,,2.015175861,2.015175861,68.37752284,33.93129313,,,,,,
Alive,119,1200.953288,852.0131535,5930,1701.856569,,4.003243025,4.003243025,186.4587248,46.57691868,,,,,,
Alive,120,925.898153,804.7815303,1895,543.8479257,,2.846191937,2.846191937,92.72006936,32.57688568,,,,,,
Dead,121,186.6315789,793.4129555,741,212.6603234,,1.048041917,,31.51844357,30.07364788,,,,,,
Dead,122,718.527907,791.6046512,430,123.4061256,,1.047185945,,23.97535282,22.89502923,,,,,,
Alive,123,1099.715321,836.7204969,1932,554.4665923,,4.642571118,4.642571118,111.6058011,24.03965352,,,,,,
Alive,124,251.6834215,805.3011464,2268,650.8955649,,2.401570905,2.401570905,85.60550669,35.64562949,,,,,,
Alive,125,836.0897658,814.2801388,2306,661.8012225,,4.224378233,4.224378233,123.3089997,29.18985775,,,,,,
Alive,126,644.4579811,847.1084038,2011,577.1388805,,4.001742161,4.001742161,102.7729804,25.68205953,,,,,,
Alive,127,104.5708738,846.9537864,2575,739.0017987,,3.081246874,3.081246874,102.4916844,33.26305506,,,,,,
Dead,128,359.2868327,849.1188612,1405,403.2223407,,1.021625994,,42.88632819,41.97850138,,,,,,
Alive,129,876.885906,892.6605944,2086,598.6632047,,7.075352556,7.075352556,143.4847586,20.2795207,,,,,,
Alive,130,1134.082742,862.9751773,1692,485.5887547,,1.419688567,,59.39401131,41.83594394,,,,,,
Alive,131,902.7481591,901.3611929,2716,779.4675283,,4.318020344,4.318020344,126.3521994,29.26160355,,,,,,
Alive,132,255.0210098,888.503897,2951,846.9104109,,2.064085527,2.064085527,97.65444241,47.31123839,,,,,,
Alive,133,1098.461538,889.4261954,481,138.0426661,,1.536906158,,31.34952531,20.39781359,,,,,,
Dead,134,557.9257951,911.9823322,566,162.4369002,,1.168892074,,29.67332758,25.38585746,,,,,,
Alive,135,1174.729846,938.5171527,1166,334.6314941,,3.910712796,3.910712796,79.63701833,20.36381153,,,,,,
Alive,136,412.7983683,944.7459207,2574,738.7148077,,2.332569204,2.332569204,95.46884528,40.92862287,,,,,,
Dead,137,900.8926554,957.9745763,354,101.5948104,,1.177173416,,23.55457043,20.00943115,,,,,,
Alive,138,647.2379913,958.860262,458,131.4418733,,1.706484823,,32.48345817,19.03530447,,,,,,